,CATI,HMSTR,CAT,MMSC,FRAX
CATI,1,95565.2917378099,8.911612389996077e-07,4.451131858076767e-20,8.84724480599782e-15
HMSTR,9.41764508467377e-05,1,2.7975467540388135e-11,1.3973060021483828e-24,2.7773403853370303e-19
CAT,10099182.511689069,321710441014.3178,1,1.4984264339436985e-13,2.9783313340455043e-08
MMSC,2.0219576249283917e+20,6.440965676925698e+24,60063008741196.32,1,596291.8031698468
FRAX,1017265849126116.9,3.240510254888275e+19,302182631.4997394,1.5093281430595909e-05,1
