,CATI,HMSTR,CAT,MMSC,FRAX
CATI,1,63710.194491873255,5.941074926664051e-07,2.9674212387178445e-20,5.898163203998547e-15
HMSTR,6.27843005644918e-05,1,1.865031169359209e-11,9.315373347655887e-25,1.8515602568913536e-19
CAT,6732788.341126046,214473627342.87854,1,9.989509559624657e-14,1.985554222697003e-08
MMSC,1.3479717499522613e+20,4.2939771179504657e+24,40042005827464.22,1,397527.86877989786
FRAX,678177232750744.6,2.160340169925517e+19,201455087.66649294,1.0062187620397272e-05,1
