,CATI,HMSTR,CAT
CATI,1.0,31798.676553357123,2.981569692891485e-07
HMSTR,3.14478496714174e-05,1.0,9.376395548690558e-12
CAT,3353938.0360088577,106650790787.04749,1.0
