,CATI,HMSTR,CAT,MMSC,FRAX
CATI,1,31855.097245936628,2.9705374633320255e-07,1.4837106193589222e-20,2.9490816019992736e-15
HMSTR,3.13921502822459e-05,1,9.325155846796045e-12,4.657686673827943e-25,9.257801284456768e-20
CAT,3366394.170563023,107236813671.43927,1,4.9947547798123285e-14,9.927771113485015e-09
MMSC,6.739858749761307e+19,2.1469885589752329e+24,20021002913732.11,1,198763.93438994893
FRAX,339088616375372.3,1.0801700849627585e+19,100727543.83324647,5.031093810198636e-06,1
